﻿ID,BIRTHDATE,DEATHDATE,SSN,DRIVERS,PASSPORT,PREFIX,FIRST,LAST,SUFFIX,MAIDEN,MARITAL,RACE,ETHNICITY,GENDER,BIRTHPLACE,ADDRESS,CITY,STATE,ZIP
f4ce17a0-720e-46e8-8a12-befc90fab3bc,2002-08-11,,999-61-4021,S99985608,,,Lucila204,Langosh790,,,,white,english,F,Braintree Town,943 Barton Trailer,North Adams,Massachusetts,01247
b4339f80-9313-4437-8664-cffdca3c5e9a,,,999-93-2628,S99955993,,,Cassandra224,Hessel84,,,,white,italian,F,Holbrook,355 Quitzon Run Unit 44,Palmer Town,Massachusetts,01009
b4339f80-9313-4437-8664-cffdca3c5e9a,2002-10-25,,999-93-2628,S99955993,,,Cassandra224,Hessel84,,,,white,italian,F,Holbrook,355 Quitzon Run Unit 44,Palmer Town,Massachusetts,01009
edd5a63e-f86a-4fb9-b9ff-b26c5506c96b,1990-02-24,,999-69-3289,S99941381,X73654426X,Mr.,Max124,Gutkowski940,,,M,white,portuguese,M,Rowley,1038 Pouros Brook,East Longmeadow,Massachusetts,01028
525fdbdc-959e-472f-8986-d1a492c89d45,1966-02-11,,999-76-3812,S99987691,X37872486X,Mrs.,Marvel321,Turner526,,Gutkowski940,M,white,swedish,F,Pembroke,348 Jenkins Branch Suite 7,West Bridgewater,Massachusetts,02379
57143e43-c999-4c34-924e-85366d2cac70,1963-10-10,,999-44-3803,S99990025,X23130572X,Mrs.,Willie882,Bednar518,,Yost751,M,white,italian,F,Newton,421 Beahan Frontage road,Southwick,Massachusetts,01077
48875d6f-3aca-4192-a602-1c5ec8e151d8,1984-04-03,,999-82-5042,S99959890,X72913497X,Mr.,Shon148,Zulauf375,,,M,white,italian,M,Tewksbury,1043 Torp Orchard Unit 8,Foxborough,Massachusetts,02035
cd2ceea4-60ab-4d06-a242-75ca09565cfd,1960-07-04,,999-52-7877,S99945663,X62013902X,Mrs.,Lang846,Ebert178,JD,Hegmann834,M,white,french,F,Worcester,267 Pfannerstill Gateway,Holyoke,Massachusetts,01040
ab88704a-530f-4f71-b9c3-43680747b607,1951-12-30,,999-73-1854,S99916050,X11969201X,Mr.,Sheldon401,Little434,,,M,white,german,M,Westport,189 Wintheiser Vale Apt 66,Woburn,Massachusetts,01801
0799fb7f-1bca-475b-b4b5-e2bdb12cc2ea,1970-08-19,,999-53-6641,S99944756,X35728591X,Mr.,Aaron697,Herman763,,,M,black,african,M,Worcester,346 Lehner Brook Apt 87,Boston,Massachusetts,02108
d41715db-9a90-495a-9f91-aaa16ad9442e,1969-08-22,,999-47-9284,S99939088,X4035803X,Mr.,Shon148,Gutmann970,,,M,white,german,M,Methuen Town,356 Satterfield Fort Suite 33,Quincy,Massachusetts,02169
1380e511-e41a-4b76-9c76-2405db0d0fac,1940-09-04,,999-80-5742,S99983821,X80181759X,Mrs.,Marcia467,Parisian75,,Rowe323,M,white,american,F,Boston,807 Luettgen Rapid Apt 11,Middleborough,Massachusetts,02346
0f204000-c8cf-4243-b205-8e5dc787500a,2005-09-25,,999-38-6641,,,,Jacob959,Schiller186,,,,asian,chinese,M,Marlborough,1047 Harber Row,Quincy,Massachusetts,02169
d948ceae-4d3d-49e7-9bc4-d6cb0c944017,2005-03-19,,999-58-7722,,,,Nguyet780,Gerlach374,,,,white,italian,F,Wilmington,1063 Russel Lodge Apt 82,Stoughton,Massachusetts,02072
b9009ab0-2d91-49a1-86e4-a5160331c51a,1980-09-27,,999-25-1618,S99935275,X76909937X,Mr.,Weldon459,Schroeder447,,,S,white,irish,M,Wilmington,1051 Hessel Skyway Apt 11,Rockland,Massachusetts,02370
5bdf5372-a50e-44e9-9857-42449798e7e4,1986-07-08,,999-20-3811,S99995565,X1755013X,Mrs.,Collette420,Ledner144,,Hauck852,M,white,irish,F,Amherst,619 Labadie Stravenue Unit 17,Cambridge,Massachusetts,02138
07077713-7dc0-4db4-8379-87ac1de7d9d2,2018-03-14,,999-28-2125,,,,Kristi306,Rodriguez71,,,,white,portuguese,F,Worcester,682 Ullrich Orchard Apt 68,Longmeadow,Massachusetts,01106
84ca930a-7bd5-4fde-a229-951b45f27cf5,1947-05-29,1996-05-09,999-17-9198,S99946496,X29617786X,Mrs.,Roy364,Franecki195,,Lynch190,M,white,irish,F,Watertown Town,212 Hammes Fork,Springfield,Massachusetts,01013
95c1574b-a369-44f8-969c-e734c7cbb96e,1997-08-02,,999-84-3529,S99981459,X12178816X,Mr.,Stewart672,Weissnat378,,,,white,polish,M,Plymouth,825 Schulist Walk,Abington,Massachusetts,02351
163b0e98-4062-4df5-bb16-ae5f2374f3a6,1969-03-25,1971-03-15,999-33-9325,,,,Numbers230,Schmeler639,,,,white,irish,M,Sandwich,426 Emmerich Lodge Apt 99,Marshfield,Massachusetts,02050
864e5a99-f93e-4e78-b362-0dda43b35aaf,1949-12-26,,999-99-4832,S99957142,X37646971X,Mr.,Wallace647,Hammes673,,,S,white,irish,M,Methuen Town,278 Donnelly Dale Apt 19,Braintree Town,Massachusetts,02184
6f4da631-ee4a-45b0-815a-e3a5862b8ca1,1973-06-23,,999-89-8085,S99910657,X28606576X,Mr.,Quincy153,Baumbach677,,,M,white,french_canadian,M,Concord,605 Crist Annex,Seekonk,Massachusetts,02771
746172d2-3156-40fb-b33c-145e4dffcf7c,1971-03-28,,999-12-3038,S99974983,X68350160X,Mrs.,Tona622,McClure239,,Dickinson688,M,white,italian,F,Burlington,415 Graham Ranch Suite 94,Braintree Town,Massachusetts,02184
53da0771-9521-4ec6-ab77-388ad4dd89db,1954-04-12,,999-26-7450,S99986912,X76249966X,Mrs.,Madalene903,Collins926,,Herman763,M,white,italian,F,Boston,1006 Jacobs Fork,Littleton,Massachusetts,01460
3a9622ce-453e-4e1d-949a-7546abea8880,1956-06-17,2006-09-03,999-80-4528,S99919150,X65949925X,Mr.,Elbert916,Halvorson124,,,M,white,french,M,Medford,232 Cormier Burg Unit 66,Marion,Massachusetts,02738
ec8921ed-0592-4884-a1a1-f3e4a7d5ff12,1944-09-11,,999-92-2520,S99986172,X51688648X,Mr.,Brooks264,Nader710,,,M,white,english,M,Cambridge,685 Torphy Trail,Lawrence,Massachusetts,01840
70df1678-f0bd-4689-8b46-ce2ecfd75102,1969-03-25,,999-23-2156,S99924090,X12191337X,Mr.,Darryl392,Macejkovic424,,,S,white,irish,M,Springfield,925 Bartell Ranch,Marshfield,Massachusetts,02050
72734282-a71a-4c7d-a1ca-88fd1abf2892,1947-05-29,,999-26-6291,S99928188,X4971309X,Ms.,Meda165,Stroman228,,,S,white,irish,F,Marshfield,462 Weissnat Byway,Springfield,Massachusetts,01013
d056f9c4-b5a9-4fcb-8d6c-55a9a55cdd87,1953-02-27,,999-21-5657,S99936546,X32015171X,Mr.,Neal874,Ullrich385,,,S,white,french,M,East Longmeadow,474 Lubowitz Run Unit 7,Lowell,Massachusetts,01850
32c03936-6d4b-47a2-88b5-7334322518d5,1956-02-17,,999-40-3787,S99985380,X54726655X,Mrs.,Colby655,Grady603,,O'Hara248,M,white,english,F,Warren,630 Breitenberg Park,East Longmeadow,Massachusetts,01028
7fd7d910-9b65-44f9-a1c5-fdf35da13130,1954-03-09,,999-84-5616,S99967045,X60647294X,Mrs.,Sade71,Turcotte120,,Reichert620,M,white,french,F,Yarmouth,351 Littel Gate,Rehoboth,Massachusetts,02769
43069bcb-5e14-4631-8f36-838f5bb94782,1956-11-24,,999-43-3722,S99953363,X15445616X,Mr.,Arturo47,Hilpert278,,,S,asian,chinese,M,Boston,387 Rippin Park,Plainville,Massachusetts,02762
df95453a-1f51-4a60-ac6e-22f56b40b033,1956-06-17,,999-92-6267,S99968634,X33067529X,Mr.,Aldo414,Stokes453,,,M,white,french,M,Quincy,701 Cronin Neck,Marion,Massachusetts,02738
6b7b15e2-1ad0-4ff6-8043-9938194b9aab,1960-09-01,,999-46-8697,S99987466,X30115774X,Mr.,Tracy345,Lueilwitz711,,,M,white,italian,M,Hingham,822 Mueller Street,Rockport,Massachusetts,01966
bda30446-0348-4036-bd7b-c1f28f79bd2c,1985-04-11,,999-64-2209,S99957495,X26983080X,Mr.,Orlando897,Lang846,,,M,white,german,M,Ludlow,627 Conn Ferry,Barnstable Town,Massachusetts,02601
f42d57f6-2015-4df7-ab3f-b1859ac4a672,1957-04-21,1996-04-14,999-10-8365,S99962219,X47628298X,Mr.,Gerardo48,Barrows492,,,S,white,french_canadian,M,Tisbury,693 Wyman Parade,Lakeville,Massachusetts,02347
9e4272dc-5a9b-40d0-8974-01a90360c223,2010-07-27,,999-82-5823,,,,Danita413,Baumbach677,,,,black,west_indian,F,Mansfield,441 Welch Walk Apt 79,Boston,Massachusetts,02108
9208839d-067f-48a5-931b-25e743ea9ad5,1986-08-12,,999-19-4087,S99970294,X6235034X,Mrs.,Ciara810,Bernhard322,,Gusikowski974,M,white,irish,F,Marshfield,985 Ritchie Well Suite 22,Cambridge,Massachusetts,02138
0c0a425a-d6be-49a8-ae99-5bb309dad311,1966-02-27,2004-01-21,999-19-8014,S99968269,X41240599X,Mr.,Timothy142,Grimes165,,,M,white,russian,M,Freetown,671 Thiel Mews,Brockton,Massachusetts,02301
543d87f9-55da-48c5-9948-8a030df9a3f2,1996-02-02,,999-17-5166,S99964293,X76891363X,Mr.,Cornell131,Green467,,,,white,irish,M,Springfield,106 Gorczany Walk Suite 7,Worcester,Massachusetts,01545
1918e75e-0429-406e-bb93-ecc29b716720,1959-08-05,1971-06-13,999-55-3813,,,,Robbi844,Ward668,,,,asian,chinese,F,Barnstable Town,462 D'Amore Orchard Apt 89,Springfield,Massachusetts,01013
a1ccff19-4ba0-4376-9661-18c401c94056,1992-12-21,,999-60-4203,S99928644,X28819609X,Ms.,Lori426,Zemlak964,,,,white,irish,F,Boston,836 Hyatt Pathway,Quincy,Massachusetts,02169
703e4876-f01d-45de-9c1a-0a4732d79e4f,1973-12-04,,999-33-3988,S99958278,X22568714X,Mr.,Javier97,Cruickshank494,,,M,white,french,M,Pittsfield,740 Keebler Wynd,Boston,Massachusetts,02108
81e25942-1a9f-4731-b48f-4a4a047dd3af,1957-04-21,,999-13-5382,S99940273,X17421535X,Mr.,Kurtis994,Ondricka197,,,M,white,french_canadian,M,Lynn,137 Parker Fort Suite 0,Lakeville,Massachusetts,02347
1e202da0-0ce7-467d-84e8-8a25d9529049,1947-09-14,,999-51-9277,S99954591,X80279837X,Mrs.,Amberly552,Barton704,,Koelpin146,M,white,scottish,F,Stoneham,420 Dibbert Track,Milford,Massachusetts,01757
0215e8a9-e947-4267-b43e-d7f95e981234,1944-11-28,2013-06-12,999-75-4807,S99961191,X79452361X,Mr.,Carson894,Reichel38,,,M,black,west_indian,M,Boston,1026 Lowe Byway Apt 12,Boston,Massachusetts,02108
bc180a12-3029-450c-8510-0a7b113d5202,1966-02-27,,999-86-8150,S99983257,X64904736X,Mr.,Philip822,Jast432,,,M,white,russian,M,Boylston,423 Crona Grove,Brockton,Massachusetts,02301
1f3d6265-16b5-4771-b103-6801332b8a62,1967-04-24,,999-27-3436,S99911288,X59146111X,Mr.,Jefferson174,Bahringer146,,,M,white,italian,M,Melrose,242 Mohr Manor,Norwood,Massachusetts,02062
cbd0d0c8-0a01-4892-a1d1-7d6210c61e58,1959-08-05,,999-69-2600,S99915987,X61936511X,Mrs.,Cara845,Kerluke267,,Harvey63,M,asian,chinese,F,Randolph,882 Bayer Lane,Springfield,Massachusetts,01013
aeb67bef-af9f-490a-a813-7238a069a56b,2003-04-14,,999-59-7865,,,,Rivka589,Legros616,,,,white,italian,F,Millbury,792 Ryan Bay Unit 88,Chelmsford,Massachusetts,01824
32ceb5ef-8de1-4d20-a06c-77098ce1ed39,1971-03-02,,999-57-4985,S99937433,X76040922X,Ms.,Pamala798,Spinka232,,,S,white,irish,F,Boston,669 Wilkinson Hollow Unit 80,Hampden,Massachusetts,01036
caf7c077-dc2d-4cc1-a491-39d8717b33d1,1957-03-17,,999-50-9506,S99983108,X36496273X,Mr.,German350,Cordova800,,,M,hispanic,puerto_rican,M,Needham,788 Fahey Vista,Wilbraham,Massachusetts,01095
1884398b-4b88-4363-951c-76383ff900a6,1995-08-14,,999-51-2799,S99979059,X56571363X,Ms.,Barbara209,Prado282,,,,hispanic,central_american,F,Agawam Town,114 O'Reilly Bridge Apt 84,Newton,Massachusetts,02458
c34e24f9-6ca5-496c-bd65-db2c9ef0006c,1956-12-09,,999-33-2376,S99979290,X3174300X,Mr.,Luciano237,Herzog843,,,M,white,greek,M,Cambridge,454 Volkman Manor Suite 63,Spencer,Massachusetts,01562
e0a126cd-b617-4c00-b35c-b9e978b0fdfa,2007-09-08,,999-77-7079,,,,Kendall673,Little434,,,,white,polish,M,Lynn,662 Jakubowski Quay,Whitman,Massachusetts,02382
b017b380-a5f0-41a6-a927-d3d33c5d92ad,1989-01-25,,999-51-8552,S99929025,X87658194X,Mrs.,Estela596,Ochoa950,,Tellez750,M,hispanic,mexican,F,Framingham,214 Beier Trailer,Chicopee,Massachusetts,01013
a9edebda-6b2d-43d0-bcce-2ecbb83cae9a,1944-11-28,1994-12-30,999-27-6842,S99994442,X54882926X,Mr.,Rex53,Marvin195,,,M,black,west_indian,M,Springfield,971 Lindgren Mission,Boston,Massachusetts,02108
574d7f7f-85e3-469f-8394-51702401b2fb,1995-02-02,,999-37-5925,S99937406,X11055597X,Mr.,Kennith515,Kulas532,,,,white,irish,M,South Hadley,964 Roob Light,Wellesley,Massachusetts,02457
9a155750-619b-4920-895d-30565dda6bd7,1950-02-11,2005-03-07,999-21-3339,S99941120,X8051705X,Mrs.,Lidia103,Huel628,,Schneider199,M,white,italian,F,Cambridge,709 Lemke Forge Apt 87,New Bedford,Massachusetts,02740
b41a17dd-817a-4436-8c15-7a8984ba4fd1,1998-07-22,,999-69-6637,S99969833,X68631875X,Ms.,Karren465,Glover433,,,,white,german,F,Milford,585 Larkin Trail,New Bedford,Massachusetts,02740
554d5ce6-aa56-4538-b1a6-cead3ec3991e,2016-02-17,,999-98-2270,,,,James276,Larson43,,,,white,german,M,Dracut,260 Schiller Ville,Westford,Massachusetts,01886
c48bbcd0-e3f5-4df9-9b9f-5b16303aeab6,2010-09-12,,999-12-5112,,,,Zachary28,Smith67,,,,white,scottish,M,Lowell,843 O'Keefe Club,Framingham,Massachusetts,01701
3a6c5f6b-3e01-48c3-a2b8-db6f46a6f6e2,1997-05-04,,999-28-3202,S99911376,X55838520X,Mr.,Geraldo282,Medhurst46,,,,black,african,M,Arlington,650 Konopelski Pathway,Brockton,Massachusetts,02301
cc383979-0799-492b-bb61-017b242656e0,1982-04-16,,999-56-1274,S99911971,X77355467X,Mr.,Mariano761,Apodaca347,,,M,hispanic,mexican,M,Framingham,961 Bartell Crossing,Boston,Massachusetts,02108
55943dbb-321b-45aa-8a7e-d918ef0a1b11,2001-11-16,,999-11-2747,S99923738,,,Willy639,McGlynn426,,,,white,irish,M,Brockton,711 Crist Key,Yarmouth,Massachusetts,
5ddb8dc0-bb6a-43ff-946a-66ebc396e790,1981-09-05,2018-01-20,999-15-9464,S99992615,X40514728X,Mrs.,Vina438,Bernier607,,Langworth352,M,hispanic,puerto_rican,F,Boston,631 Collins Hollow,Framingham,Massachusetts,01701
5fac20bd-b4d6-4c34-b226-94e92c54ed45,1961-05-24,,999-88-3181,S99942073,X32658492X,Mrs.,Hassie51,Keeling57,,Yundt842,M,black,west_indian,F,Gardner,566 Fisher Quay Unit 55,Middleborough,Massachusetts,02346
95e1832d-2c60-48ad-b5bc-91bf51d3e12d,1948-12-27,,999-20-5427,S99938797,X82700725X,Mr.,Andres117,Hernandes724,,,M,hispanic,puerto_rican,M,Newton,376 Huel Forge,Amesbury Town,Massachusetts,01913
d5ea0233-913f-4258-a47c-a936f59e7684,1983-10-19,,999-82-1996,S99953914,X59642022X,Mrs.,Marina546,Rutherford999,,Waters156,M,white,greek,F,Hamilton,569 Romaguera Tunnel,Wareham,Massachusetts,02571
20967e49-9605-4537-91c1-9511b9e8b31f,1950-12-26,,999-88-9508,S99980735,X88070686X,Mrs.,Hope196,Considine820,,Kirlin939,M,hispanic,puerto_rican,F,Tewksbury,661 Kozey Meadow,Chelsea,Massachusetts,02149
02e9e324-a959-46ed-b742-43155e555a92,1950-02-11,,999-74-4294,S99971007,X21585035X,Mrs.,Virgie92,Hessel84,,Hickle134,M,white,italian,F,Halifax,480 Armstrong Fort,New Bedford,Massachusetts,02740
32d658a9-ebf5-42b6-975f-b156e4ba4a24,1944-11-28,2016-11-29,999-87-9607,S99937231,X31131558X,Mr.,Raymundo71,Buckridge80,,,M,black,west_indian,M,Groton,438 Lakin Drive,Boston,Massachusetts,02108
f3809f6d-8979-41f8-b637-05d75be9edaa,2002-07-23,,999-74-5096,S99948136,,,Ollie731,Wunsch504,,,,hispanic,puerto_rican,M,Worcester,529 Kilback Esplanade Unit 20,Boston,Massachusetts,02108
77c1d514-fe8d-4a43-b855-feea891199e6,2011-12-09,,999-54-7950,,,,Oretha285,Jakubowski832,,,,white,irish,F,Westfield,464 Schuppe Burg Suite 0,Chelmsford,Massachusetts,01824
9bbda205-75c2-4642-9c28-db5a3d8474ff,2010-01-31,,999-75-4038,,,,Adeline686,Emard19,,,,white,english,F,Lowell,598 Zboncak Plaza,Needham,Massachusetts,02492
4bbe5b30-723c-4029-8e80-cffdf27e4380,1981-09-05,,999-77-7817,S99941939,X44404367X,Ms.,Nelia669,Hills818,,,S,hispanic,puerto_rican,F,Hopedale,856 Sawayn Parade Suite 53,Framingham,Massachusetts,01701
74fbc154-874f-401c-b7c7-b5eb3296148d,1952-02-22,2005-12-30,999-90-8143,S99951255,X54779524X,Mrs.,Cythia210,Lemke654,,Tromp100,M,white,german,F,Worcester,465 Ritchie Parade,Boston,Massachusetts,02108
539626d7-3d5b-45de-b9de-a1808a13506c,1970-09-26,,999-52-9626,S99970592,X40744557X,Ms.,Mei233,Kilback373,,,S,white,italian,F,Brockton,547 Nitzsche Highlands Suite 68,North Brookfield,Massachusetts,01535
264bf946-65ea-4707-b2c4-50b68b61b220,1974-08-07,,999-91-1089,S99967626,X20998316X,Ms.,Ila598,Mitchell808,,,S,white,english,F,Somerville,198 Kuhn Ferry,Dartmouth,Massachusetts,02714
2cd3c2bf-f247-48db-8c46-8e35261bc700,2004-08-13,,999-24-4237,,,,Jude172,Rath779,,,,white,german,M,Westfield,288 Roberts Trail Apt 77,New Bedford,Massachusetts,02740
9113a4b2-440c-48f9-bfb6-40f2a4d3664b,2004-04-27,,999-99-3215,,,,Myron933,Blick895,,,,black,african,M,Bourne,357 Zboncak Common,Peabody,Massachusetts,01940
7b7b580d-d44b-4fb1-ada8-536bf8f144b0,1967-09-21,2015-07-09,999-49-5201,S99955341,X33701821X,Mr.,Fletcher87,Waelchi213,,,M,white,american,M,New Bedford,972 Hagenes Boulevard Unit 56,Beverly,Massachusetts,01915
b0ddbef6-07b5-4332-adb4-95c3f8dc9526,1944-07-08,,999-30-3766,S99950456,X11645357X,Mr.,Murray856,Wisoky380,,,M,asian,asian_indian,M,Adams,955 Durgan Gardens,Agawam Town,Massachusetts,01001
ccf6ca95-4144-4117-a442-567ddf66662f,1944-11-28,,999-99-3686,S99913985,X79010819X,Mr.,Porfirio146,Bechtelar572,,,M,black,west_indian,M,Everett,678 Kohler View,Boston,Massachusetts,02108
484eaac2-5786-4f1c-9b0a-3ca13453fabc,1954-06-01,,999-10-2728,S99927850,X37032433X,Mrs.,Meridith488,Bahringer146,,Daniel959,M,white,german,F,Norwell,138 Connelly Gardens,Uxbridge,Massachusetts,01569
608e8244-7542-4916-a462-c267b2d8e605,1985-06-11,,999-65-8136,S99995214,X34831579X,Mr.,Dave764,Dicki44,,,S,white,french,M,Cambridge,816 Kuphal Brook Apt 10,Ashland,Massachusetts,01721
8253052c-093e-449a-b427-aebeb4d7b119,1980-06-18,,999-82-7191,S99982267,X57317678X,Mrs.,Bess947,Wiegand701,,Bradtke547,M,white,english,F,Cambridge,498 Heller Hollow,East Longmeadow,Massachusetts,01028
bf2d99f9-0a99-4477-959e-08ead6640726,1952-02-22,,999-23-3923,S99988978,X88354182X,Ms.,Jodie811,Kertzmann286,,,S,white,german,F,Burlington,700 Kohler Row Unit 33,Boston,Massachusetts,02108
20e0b12e-092a-49a2-9a46-aa8a243afc76,2001-03-28,,999-36-1025,S99983501,,,Wiley422,Volkman526,,,,white,american,M,Douglas,1044 Fadel Track,Somerville,Massachusetts,02138
33beac5b-81ec-4649-b4f0-7e508b8378fb,1990-08-09,,999-69-4795,S99979456,X88440891X,Mrs.,Gina573,Weber641,,Howe413,M,white,irish,F,Oxford,574 Willms Parade Unit 73,Methuen Town,Massachusetts,01841
6afb1075-32e7-4811-adfe-6cf291020193,1990-11-07,,999-98-3357,S99966628,X72012318X,Mrs.,Soledad678,Salinas3,,Delao225,M,hispanic,puerto_rican,F,Somerville,1014 Sauer Club,Easthampton Town,Massachusetts,01027
18ffcbb0-4921-4c60-b387-770ab3fc5b93,1967-09-21,,999-88-4180,S99942536,X48563899X,Mr.,Whitney250,Wintheiser220,,,M,white,american,M,Greenfield Town,274 MacGyver Ville,Beverly,Massachusetts,01915
74b85400-824b-4fda-8a3b-d6e20de4599d,2009-02-04,,999-62-6550,,,,Mariann762,Rau926,,,,black,african,F,Fall River,165 Legros Branch,North Attleborough,Massachusetts,
38467d4d-9731-4763-87ce-b37935a2f874,1942-04-15,,999-43-7365,S99964224,X5048384X,Mr.,Dorsey40,Reichert620,,,M,white,italian,M,Braintree Town,161 Schiller Underpass Apt 22,North Andover,Massachusetts,01845
122aca90-d8cb-4607-8890-c82ecc33830e,2015-12-16,,999-11-3690,,,,Ester635,Keebler762,,,,black,african,F,Marblehead,668 Stehr Alley Apt 22,North Attleborough,Massachusetts,
a15286b1-1c21-4d51-b5ec-c6008bc19718,1986-08-25,,999-33-9168,S99945800,X83313533X,Mr.,Malcolm243,Pfannerstill264,,,M,white,american,M,Taunton,402 Goodwin Esplanade,Monterey,Massachusetts,01245
6d65735b-94f6-47eb-9570-90a6781ca6f1,1988-11-24,,999-93-5365,S99966578,X14372299X,Mrs.,Rebekah348,Bashirian201,,Gibson10,M,white,english,F,Fall River,886 Pfannerstill Well Suite 35,Northampton,Massachusetts,01053
6eb0bf7c-8337-4f65-b61f-80901da5e04f,1984-07-06,,999-12-7648,S99999288,X79384344X,Mr.,Wyatt967,Hintz995,,,M,white,italian,M,Fall River,1039 Grimes Divide Suite 3,Leominster,Massachusetts,01420
20287bd9-4145-46d2-b185-2ca24ef71618,2008-10-22,,999-78-4844,,,,Jonah176,Feeney44,,,,black,west_indian,M,Southbridge Town,1050 Greenholt Haven,Marlborough,Massachusetts,01752
881adaa2-f6bf-4885-a7aa-f2e72b088e8a,1962-09-15,,999-62-8417,S99934854,X46856515X,Mrs.,Rosalie939,Wiza601,,Moen819,M,white,french,F,Boston,902 Bode Promenade,Hull,Massachusetts,02045
efd50415-e5f0-4af3-be74-82ea4df7c36e,1992-09-14,,999-56-3561,S99933456,X9275570X,Ms.,Kellie778,Rolfson709,,,,white,english,F,Weymouth Town,718 Williamson Frontage road Unit 61,Boston,Massachusetts,02108
6df5ec59-638f-419c-9e20-18b1a251ab84,1999-04-12,,999-15-3648,S99979843,,Mr.,Kim439,Feil794,,,,white,polish,M,North Andover,119 Muller Wall Apt 44,Arlington,Massachusetts,02474
68e7d6a5-fa18-406d-9144-667e6aa34242,1956-11-14,,999-40-7594,S99996951,X69165547X,Mr.,Tim88,Torphy630,,,M,white,german,M,New Bedford,830 Franecki Terrace,Haverhill,Massachusetts,01830
e1a34eda-7fa8-480b-8148-d526e2865394,1997-06-26,,999-56-2362,S99997703,X27317904X,Mr.,Haywood675,Reilly981,,,,white,irish,M,Quincy,785 Welch Hollow Apt 20,Boylston,Massachusetts,01505
679e18ab-b354-410b-9e09-0928153c84ef,1972-04-15,,999-32-5820,S99994219,X73975758X,Mrs.,Elizabet136,Champlin946,,Ernser583,M,asian,chinese,F,Barnstable Town,390 Botsford Pathway Unit 93,Westwood,Massachusetts,02090
6b958e5c-a13c-4e5f-a697-8eaa8174197e,1945-04-19,1949-08-11,999-52-5983,,,,Alethea978,Zieme486,,,,white,german,F,Ashland,662 Herman Glen,Shrewsbury,Massachusetts,01545
7a6e600e-21a7-48cb-9f3f-e86fd81d162f,2013-10-29,,999-86-3285,,,,Augustine565,Carter549,,,,white,italian,M,Framingham,1040 Blanda Route Apt 74,Boxford,Massachusetts,01921
66c08fa7-ec1e-4c8a-a7ab-b949fb05fbf1,1997-03-13,,999-24-7023,S99941841,X80445801X,Ms.,Kathlyn335,Kulas532,,,,white,italian,F,Haverhill,368 Block Quay Unit 90,Lawrence,Massachusetts,01840
5c340d02-7bf8-4d03-b4bb-3c3f33609682,1976-05-19,,999-58-5829,S99963300,X46230366X,Mr.,Kermit56,Reilly981,,,S,white,italian,M,Medford,924 McKenzie Quay Apt 60,Clinton,Massachusetts,01510
380d3f2f-3654-42e8-a8cf-092a8aaa6c0f,1997-01-10,,999-45-8027,S99919196,X67448468X,Mr.,Keith571,Wyman904,,,,white,irish,M,Haverhill,1018 Reilly Trail Unit 77,Attleboro,Massachusetts,02703
37e982d2-e52a-4e37-a20b-8994ee1984d0,1974-04-04,,999-17-4826,S99915956,X34952278X,Mr.,Toney527,Hodkiewicz467,,,M,white,german,M,Wakefield,392 Auer Underpass Suite 81,Boston,Massachusetts,02108
2876826c-a904-4773-b350-13497411104e,2004-04-28,,999-19-3010,,,,Guillermo498,Carren894,,,,hispanic,central_american,M,Dighton,513 Lang Bay,New Bedford,Massachusetts,02740
07544524-af05-463d-9894-3d33168012f7,1997-10-08,,999-37-6285,S99985939,X28498137X,Ms.,Dominga527,Watsica258,,,,white,german,F,Seekonk,288 Jaskolski Gate,Chatham,Massachusetts,02633
c5d8ddd8-c22d-4231-8002-02e3105a3625,1999-02-17,,999-48-9510,S99981859,,Ms.,Micki733,Hane680,,,,white,irish,F,Wareham,614 Williamson Parade,Webster,Massachusetts,01570
c499d534-0a9a-49c3-8a81-cc53f7759ce9,1983-05-22,,999-43-7469,S99963168,X7004695X,Ms.,Yi864,Tremblay80,,,S,white,italian,F,Concord,177 Wisoky Wall,Provincetown,Massachusetts,02657
0ffb97d7-39f5-4af2-867a-df3fc5211cd4,1953-08-21,2012-09-13,999-28-9540,S99955825,X83029157X,Mrs.,Rosario163,Cuellar188,,Roybal79,M,hispanic,puerto_rican,F,Lexington,957 Kautzer Ville,Lynn,Massachusetts,01901
ac4d830a-3455-423c-8a34-1291cf25f60c,2004-11-29,,999-65-5347,,,,Darnell564,Metz686,,,,white,portuguese,M,Walpole,863 Wintheiser Street Suite 3,Blackstone,Massachusetts,01504
2559f771-7ca5-481e-a55b-b3eab1cbf614,1942-01-03,,999-27-7125,S99960075,X75185379X,Mr.,Wilbur107,Gutmann970,,,S,asian,chinese,M,Longmeadow,457 Keebler Gardens Apt 40,Dracut,Massachusetts,01826
5803d48a-24b0-4b70-81db-5c4918a498bf,2015-10-24,,999-16-5460,,,,Refugio197,Stehr398,,,,white,german,M,Winchendon,849 Jerde Wynd Unit 76,Lexington,Massachusetts,02420
7323f3df-c8d5-4ce6-a1ea-c044db100b82,1945-04-19,,999-33-4570,S99931151,X14544196X,Mrs.,Rosaline65,Pfannerstill264,,Hintz995,M,white,german,F,Andover,975 Wilkinson Row,Shrewsbury,Massachusetts,01545
b905c469-d712-4e63-b553-847a286bb2a5,1976-07-02,,999-56-1140,S99922604,X13636782X,Mr.,Benito209,Canta190,,,S,hispanic,central_american,M,Wayland,905 Ledner Heights Apt 27,Gloucester,Massachusetts,01930
2bcc7263-7ced-40f0-acdc-8cb11e2b35e3,1971-08-24,,999-57-9465,S99919319,X88096580X,Mr.,Hollis7,Gaylord332,,,M,white,irish,M,North Attleborough,987 Klocko Esplanade Apt 77,Oxford,Massachusetts,01540
da139fae-ef5e-4e84-8ce1-ff9a272389fc,1951-02-02,,999-42-6413,S99924617,X71239934X,Mr.,Kyle55,Wiegand701,,,M,white,scottish,M,Somerville,104 Reinger Lock Apt 52,Middleborough,Massachusetts,02346
69a3ec44-add2-4c03-b0f9-3ad4573037c3,1953-08-21,,999-76-3473,S99995116,X81947742X,Mrs.,Daniela614,Ortiz186,,Barela183,M,hispanic,puerto_rican,F,Andover,931 Schaefer Vista Suite 66,Lynn,Massachusetts,01901
67909833-2d8d-4e32-8565-74a7e9287654,2003-01-15,,999-19-9504,,,,Nolan344,Swaniawski813,,,,white,irish,M,Chatham,691 Marks Bay,Sterling,Massachusetts,01564
45374aa4-252a-451f-a0bf-bc3edf2e081d,1960-08-08,,999-60-6983,S99987851,X58759658X,Mrs.,Charlott617,Abbott774,,Stracke611,M,white,english,F,Northbridge,1075 Langosh Road Unit 93,Braintree Town,Massachusetts,02184
153de354-51df-4dca-8014-e3153cea0156,1942-01-13,,999-32-8060,S99928583,X67767077X,Mrs.,Chan58,Adams676,JD,Conroy74,M,white,italian,F,Worcester,1072 Becker Tunnel Unit 60,Somerville,Massachusetts,02138
2b08b2ac-19d8-4c0c-8f34-127bf49a71e9,1998-05-26,,999-84-4390,S99915213,X52806761X,Ms.,Delta800,Watsica258,,,,white,italian,F,Reading,994 DuBuque Street,Plymouth,Massachusetts,02360
e3fd1268-f43d-40bb-9ff5-eb2fc4f0f97f,1991-01-02,,999-16-1155,S99975463,X11106709X,Mrs.,Vi771,Shanahan202,,Koepp521,M,white,german,F,Newburyport,766 Hirthe Underpass,Brockton,Massachusetts,02301
d452f149-573f-4226-a823-bdb4583bdc77,1946-11-15,,999-38-1510,S99918988,X36615816X,Mrs.,Elsa29,Paz9,,Murillo232,M,black,dominican,F,Boston,936 Ritchie Flat Suite 15,Framingham,Massachusetts,01701
38a516b8-73da-42f7-96d9-5e8456f7b07e,1961-05-05,,999-25-9489,S99985291,X47666959X,Mr.,Daniel959,Padberg411,,,S,white,american,M,Holden,814 Lueilwitz Spur,Boston,Massachusetts,02108
9f8923d9-73f0-4835-b704-093675c3e45e,1955-07-25,,999-98-3449,S99999290,X50581528X,Ms.,Eugene421,Ryan260,,,S,white,english,F,Falmouth,945 Emmerich Lock Apt 38,Brockton,Massachusetts,02301
7e66f99b-2811-43cf-b961-ddc5d0c73cca,2006-11-25,,999-28-5221,,,,Jose871,Ankunding277,,,,white,french,M,Lowell,467 Farrell Vale Apt 48,Methuen Town,Massachusetts,01841
23ba806c-f4f0-4d75-bc67-f6c7944de0db,1988-05-23,,999-88-9957,S99916366,X86201619X,Mrs.,Latasha666,Bradtke547,,MacGyver246,M,asian,chinese,F,Mansfield,716 Ullrich Highlands,Marlborough,Massachusetts,01752
8dcc9460-6c07-410d-be8b-c02ceeeee86c,1998-01-26,,999-57-6976,S99970331,X25089902X,Mr.,Tad831,Cummerata161,,,,white,irish,M,Fitchburg,227 Ullrich Landing,Montague,Massachusetts,01351
b037d715-c711-4eac-a4fa-e21f15aef412,1993-08-16,,999-59-7198,S99944509,X48568456X,Mr.,Issac619,Renner328,,,,white,polish,M,Fitchburg,518 Muller Loaf,Auburn,Massachusetts,01501
990960e3-1c26-4cf1-aa3a-53eadc1eef2b,2002-09-26,,999-61-3844,S99991278,,,Shae705,Beatty507,,,,white,italian,F,Lynn,792 Wisoky Tunnel,Rowley,Massachusetts,01969
80807412-618b-42a0-8a6d-0e44b9c48939,2000-04-22,,999-82-9479,S99986229,,Mr.,Albert312,Reynolds644,,,,asian,chinese,M,Plymouth,448 Hegmann Ramp Unit 53,Somerville,Massachusetts,02138
ab5aa71f-6301-4480-80dc-e7529784ed02,2007-04-30,,999-65-4652,,,,Otto672,Dooley940,,,,white,american,M,Northampton,210 Kuhic Frontage road,Dudley,Massachusetts,01571
d91e7860-ea86-4f54-b33f-9bc1c9d878c7,1981-06-23,,999-79-2470,S99925417,X19813365X,Mr.,Rodrick370,Douglas31,,,S,white,italian,M,Somerset,250 Auer Route,Oxford,Massachusetts,01540
d1375b36-3d58-4196-adae-1652e402003f,1985-08-31,,999-50-7255,S99976933,X7637886X,Mrs.,Linsey338,Wilkinson796,,Dickinson688,M,white,irish,F,Whitman,352 Satterfield Club,Richmond,Massachusetts,01254
b3a1ee69-0328-4f57-a37e-a9d0bedfdb4c,1984-06-24,,999-62-5401,S99948580,X12354457X,Ms.,Leia529,Moore224,,,S,white,irish,F,Boston,670 Spencer Bypass Apt 21,Marlborough,Massachusetts,01752
dcc1a550-3fa6-4c3a-8f00-2d9dfc5b42e1,1940-04-22,2013-07-15,999-23-7482,S99956263,X44124173X,Mrs.,Shavon903,Hackett68,,Marks830,M,asian,chinese,F,Stoughton,327 Rath Orchard Unit 83,Cambridge,Massachusetts,02138
74902719-7da7-4aac-bc23-fa962feb932f,2014-01-21,,999-47-1882,,,,Peter292,Monahan736,,,,white,polish,M,Belmont,205 Wolf Ferry Apt 24,Braintree Town,Massachusetts,02184
8fb81225-bb67-48cf-988a-e14a2c9e2636,1942-04-01,,999-84-7558,S99913663,X39008444X,Mr.,Bill567,Zboncak558,,,S,asian,chinese,M,Bellingham,128 Carter Trafficway Suite 35,Taunton,Massachusetts,02718
29f165be-e246-4d0d-a47e-5ae43120cf52,2011-07-21,,999-50-8377,,,,Wilfred787,Olson653,,,,hispanic,puerto_rican,M,Bridgewater,1037 Terry Station,Millbury,Massachusetts,01527
3882ab41-9772-4b63-ac55-8f49475c062a,1964-10-07,,999-43-1472,S99968765,X74250780X,Mr.,Jeremy766,Orn563,,,M,white,portuguese,M,Stoughton,1078 Hickle Underpass,Amherst,Massachusetts,01002
489db838-2c2b-40dd-a689-4d0847d43f89,1993-06-11,,999-39-4261,S99910538,X9955370X,Ms.,Joanne343,Greenfelder433,,,,white,greek,F,Lynn,419 Rutherford Haven Suite 40,Rehoboth,Massachusetts,02769
b3c1bbca-aeae-46d4-b7de-e48f919e7abc,1989-01-22,,999-16-4492,S99929960,X80195673X,Mr.,Bill567,Reichert620,,,M,white,french_canadian,M,Cambridge,418 Pouros Track Apt 71,North Andover,Massachusetts,01845
2febb94a-84b6-49cc-aaaa-5e201477cce8,1983-06-07,,999-72-8083,S99941732,X46542151X,Mr.,Hung902,Cole117,,,M,white,italian,M,Abington,167 Hermann Haven,Bellingham,Massachusetts,02019
34959497-642c-4c5e-b355-73e870fc0a64,1970-02-22,,999-43-7593,S99931796,X42539949X,Mr.,Bob965,Bradtke547,,,S,white,english,M,Melrose,330 Balistreri Corner Suite 63,Weymouth Town,Massachusetts,02188
90875931-39e8-433c-8ed8-ab88337aa003,1993-09-10,,999-90-7362,S99944314,X70518893X,Mr.,Courtney281,Balistreri607,,,,white,italian,M,Boston,593 Botsford Heights,Acton,Massachusetts,01720
4c4d18f0-ef9d-4393-977f-fece64f7adbd,2011-07-12,,999-56-4639,,,,Teresa94,Merino448,,,,black,dominican,F,Southbridge Town,873 Murray Terrace,Acton,Massachusetts,01720
66c5722f-2271-466c-8a4f-e267f4889ebd,1950-09-15,,999-69-8492,S99946575,X18985320X,Mrs.,Milda157,Bernier607,,Schmitt836,M,white,italian,F,Holyoke,104 Cronin Passage Unit 62,Hudson,Massachusetts,01749
602139c0-bee8-4277-a68d-37bd9f4d5b69,1966-04-20,,999-29-3746,S99986617,X65565822X,Mrs.,Mui729,Anderson154,,Schaefer657,M,white,french_canadian,F,Worcester,484 Schuster Divide,Mansfield,Massachusetts,02048
a4b861de-0938-4846-825b-40ad36fb1767,1940-04-22,2014-07-21,999-79-2131,S99965923,X23433547X,Ms.,Guadalupe206,Herman763,,,S,asian,chinese,F,Walpole,819 Lehner Branch,Cambridge,Massachusetts,02138
b913bcd8-b4be-4852-be1b-0727bd4c56c5,2002-07-18,,999-82-5101,S99918600,,,Kitty323,Hane680,,,,white,irish,F,Holden,345 Ankunding Gate,Shrewsbury,Massachusetts,01545
f700cf4b-69db-47ce-9d64-43173dbabdcd,1950-04-25,,999-85-5389,S99963699,X53680313X,Mrs.,Catalina187,Trujillo801,,Collazo246,M,hispanic,puerto_rican,F,Tewksbury,624 Rau Walk Apt 82,Waltham,Massachusetts,02451
59f83f3c-d65c-4ff9-b900-d36ffc730059,1985-01-05,,999-78-9856,S99949337,X72537266X,Mrs.,Nevada145,Hamill307,,Lehner980,M,hispanic,south_american,F,Paxton,848 Davis Overpass,Andover,Massachusetts,01810
b319973a-d972-4333-a13d-8ff38b9effa5,1976-12-12,,999-24-4044,S99978172,X208768X,Mrs.,Loralee922,Olson653,,Mosciski958,M,white,french,F,Rehoboth,213 Abbott Orchard,Norfolk,Massachusetts,02056
46d92d05-e7a4-4f65-90cd-a911c0e2ef8f,2000-08-26,2015-06-13,999-93-5636,,,,Rex53,Kunde533,,,,white,polish,M,Athol,470 Kiehn Underpass,Boston,Massachusetts,02108
d8a1877a-23ce-4498-918f-077d95e45a6c,2000-08-26,,999-55-2062,S99983563,,Mr.,Timothy142,Lowe577,,,,white,polish,M,Chicopee,126 Predovic Highlands Apt 4,Boston,Massachusetts,02108
979df36b-50bf-4c35-8158-42b73e46d522,1952-09-16,,999-96-1760,S99936355,X37221117X,Mr.,Graham902,Labadie908,,,M,white,french,M,Braintree Town,372 Ratke Hollow Apt 62,Wareham,Massachusetts,02571
d747f9f5-a92b-49af-ad99-c2abbbd4d1cf,1992-10-07,,999-10-9474,S99947272,X27935315X,Mr.,Ian270,Nader710,,,,asian,chinese,M,Walpole,764 Tillman Estate Suite 62,Dunstable,Massachusetts,01827
890c8d8d-a65c-4761-b54a-a8adca2cbe1c,1941-01-15,,999-10-7746,S99972596,X25667622X,Mr.,George991,Hand679,,,M,white,polish,M,Somerville,169 Harvey Forge,Tewksbury,Massachusetts,01876
d844dc40-9b4e-48d2-adc6-26185a84119a,1931-01-20,,999-28-9448,S99936656,X34376519X,Mrs.,Danille883,Corkery305,,Lindgren255,M,white,french_canadian,F,Boston,670 Wilkinson Key,Lakeville,Massachusetts,02347
e77418cb-084a-4125-9666-a99700fb8f13,2002-02-10,,999-47-6266,S99933210,,,Graig740,Wyman904,,,,white,greek,M,East Bridgewater,619 Flatley Quay Apt 46,Worcester,Massachusetts,01545
becc1b16-0026-4f8c-bbe9-8525ccffa915,1965-02-23,,999-16-8371,S99986631,X73762879X,Mr.,Jamison785,Ondricka197,,,M,white,french_canadian,M,Quincy,996 Labadie Parade Apt 66,Boston,Massachusetts,02108
d82938e8-0679-448d-93ad-21de78e59b35,1940-04-22,,999-75-2681,S99977035,X40534252X,Mrs.,Lashay246,Legros616,,Reichert620,M,asian,chinese,F,Westford,511 Sanford Neck,Cambridge,Massachusetts,02138
bceb9204-deb3-4dce-92a5-083e57115028,1990-06-16,,999-49-5412,S99911523,X83440603X,Mr.,Willian804,Johnston597,,,S,white,french,M,Boston,530 Morar Terrace,Framingham,Massachusetts,01701
d1381e95-3d84-49e9-926e-53bf0b0b2e2e,2004-04-08,,999-25-7569,,,,Penny812,Stark857,,,,white,italian,F,Sudbury,1002 Baumbach Key,Holyoke,Massachusetts,01040
a592936f-ce06-44e1-8eff-581ef99cf7cc,1988-11-11,,999-14-9471,S99922826,X31333821X,Mr.,Teddy976,Glover433,,,M,white,italian,M,Boston,623 McLaughlin Byway Suite 9,Somerville,Massachusetts,02138
e786f5a8-8f2f-40ee-b50c-eb2509134672,1944-09-02,,999-33-4055,S99958628,X88850973X,Mrs.,Cassie490,Heidenreich818,,Lesch175,M,white,irish,F,Williamstown,950 Jacobi Crossroad,Shelburne,Massachusetts,
b9261f62-7d56-47e7-92ee-d1b128e13d37,2010-04-03,,999-60-9539,,,,Letisha598,Lemke654,,,,white,polish,F,Milton,475 Huels Hollow,Fall River,Massachusetts,02720
d5bd6824-d4a4-4767-add3-88c1d35f47ed,1997-01-17,,999-98-3805,S99947698,X24842466X,Mr.,Cornelius968,McKenzie376,,,,white,portuguese,M,Boston,862 Abernathy Dale Suite 18,Boylston,Massachusetts,01505
1686d3b7-5a0c-42fc-acff-1f6c2660a34a,1987-05-12,,999-53-2811,S99981334,X88823824X,Mrs.,Matilde468,Hermann103,,McClure239,M,white,english,F,Sharon,939 Dickens Green,East Longmeadow,Massachusetts,01028
4f80245e-cecc-434e-99c3-1a59caa48df0,1988-04-16,,999-79-5719,S99910961,X26165591X,Mr.,Dylan44,Lang846,,,M,white,italian,M,Worcester,181 Dickens Crossroad Unit 4,Attleboro,Massachusetts,02703
307c7c6b-d898-4ddb-bfd8-54007402231e,1956-03-09,,999-18-7533,S99981024,X55664311X,Ms.,Carley868,Sanford861,,,S,white,swedish,F,Weymouth Town,785 Daniel Gardens,Boston,Massachusetts,02108
679808d4-b670-4838-af0c-73c3ebd91433,1987-05-10,,999-75-4980,S99960380,X55968460X,Ms.,Joline447,Rice937,,,S,white,english,F,Mansfield,1018 Mertz Park,Boston,Massachusetts,02108
b572426d-f95d-44b7-abb5-eb6186cbbebf,1977-03-06,,999-49-4148,S99975034,X20420186X,Mrs.,Drusilla108,Crona259,,Rogahn59,M,white,italian,F,Methuen Town,859 Torphy Frontage road,Brookline,Massachusetts,02215
f22adac8-85b6-4c43-aabe-a7d64c7e0228,1991-03-15,,999-17-3340,S99919656,X18222220X,Mr.,Erik495,Ruecker817,,,M,white,irish,M,Malden,374 Hartmann Throughway Apt 92,Somerville,Massachusetts,02138
9ae4f076-daa1-4f50-8481-4fd47d78566c,1995-02-11,,999-12-4126,S99996001,X80804411X,Ms.,Selene142,Klocko335,,,,white,irish,F,North Attleborough,199 Jerde Harbor,Stoneham,Massachusetts,02180
6b29c009-7ea0-462a-814f-b7054947623d,1942-12-31,,999-66-2676,S99959452,X62452466X,Mrs.,Luciana251,Thompson596,,Murphy561,M,white,german,F,Plainville,979 Langworth Alley,Sheffield,Massachusetts,01257
a58bc86b-40d1-4261-a48d-1af4d13bf78c,2002-12-10,,999-90-3375,S99926054,,,Carlton317,Rice937,,,,white,american,M,Everett,1086 Runolfsson Trailer,Groton,Massachusetts,01450
f8b1a399-bc57-4060-9c98-0b7b92896d94,1998-11-18,,999-59-8317,S99991988,X8917105X,Mr.,Evan94,Macejkovic424,,,,white,irish,M,Northampton,856 Green Wynd Unit 45,Falmouth,Massachusetts,02540
82f3ef47-ea54-4265-89b6-e308139f96c4,1934-07-04,,999-78-6341,S99938884,X70375104X,Mrs.,Nicky270,Paucek755,,Raynor401,M,white,american,F,Pepperell,707 Cormier Spur Apt 45,Tewksbury,Massachusetts,01876
f316a84d-15d0-4f76-ba1a-8cc747c964c8,1971-04-29,,999-87-1246,S99917258,X43867762X,Mr.,Moshe758,Runte676,,,M,white,german,M,Norwood,928 Conn Forge,Millbury,Massachusetts,01527
e9dd81a1-0481-4b93-93cb-00830d21b831,1996-06-14,,999-29-9004,S99929442,X88372379X,Mr.,Bret7,Daugherty69,,,,white,polish,M,Holliston,1064 Boyle Glen Suite 72,Springfield,Massachusetts,01013
629ecefb-ce78-43c1-b504-29e28815ffa6,1978-07-13,,999-37-4516,S99935641,X78115875X,Mr.,Ethan766,Nicolas769,,,M,white,irish,M,Weymouth Town,277 Wuckert Forge,Northfield,Massachusetts,01360
afb72a83-7a2e-4a75-a089-6f7f155b3578,1950-09-17,,999-81-7610,S99993238,X32595186X,Ms.,Yuriko393,Marquardt819,,,S,white,english,F,Gardner,927 Baumbach Meadow,Boston,Massachusetts,02108
6f85bba4-9638-41ff-bcec-899845d51d54,1960-12-19,,999-21-9568,S99978382,X15408376X,Mrs.,Melva551,Kuhic920,,Russel238,M,white,scottish,F,Boston,366 Roberts Trail Unit 73,Newburyport,Massachusetts,01950
47cb2293-5985-4dc9-ae12-b1e3376410a4,1957-04-08,,999-28-8998,S99940868,X43597622X,Mrs.,Vanda440,Bogan287,,Jerde200,M,white,italian,F,Hull,466 Brakus Manor,Southampton,Massachusetts,01073
1cf53755-fdc1-4496-a6e1-ca53449b6bf8,1974-02-28,,999-26-5922,S99989070,X11751114X,Mr.,Britt177,Mills423,,,M,black,african,M,Spencer,852 Bechtelar Byway,Lawrence,Massachusetts,01840
2c3e50ad-4716-41d6-8aac-d0c9c0e934af,1987-09-29,,999-45-3245,S99977691,X54323460X,Mr.,Rafael239,Trejo396,,,M,hispanic,central_american,M,Boston,143 Littel Village Suite 62,Warren,Massachusetts,01083
fc00db64-5b1e-440f-a5fb-df7803d3b325,2017-11-25,,999-52-2193,,,,Courtney281,Schmitt836,,,,white,french_canadian,F,Quincy,931 Reynolds Heights,South Hadley,Massachusetts,01075
907df154-676c-450a-b802-cb469b04def8,1911-02-24,2002-08-12,999-66-9272,S99950701,X64646371X,Mr.,Zane918,Wilkinson796,,,M,white,polish,M,Framingham,212 Greenfelder Rue Suite 38,Medfield,Massachusetts,02052
a14d2552-acd9-442d-be70-5ce344f94140,1994-08-08,,999-46-3227,S99918325,X83757462X,Mr.,Gustavo235,Pedroza523,,,,hispanic,puerto_rican,M,East Bridgewater,363 Runte Route,Worcester,Massachusetts,01545
11530576-0a65-4d83-9bec-4ecf6951deb7,1963-05-05,,999-91-8503,S99956074,X45898506X,Mrs.,Hayley136,Farrell962,,McGlynn426,M,white,italian,F,Braintree Town,649 Fay Byway,Braintree Town,Massachusetts,02184
51e06fb4-d400-4821-a1bb-71a8e039bf05,2011-05-21,,999-99-1309,,,,Trinidad33,Fay398,,,,white,italian,M,Dartmouth,558 Lueilwitz Hollow,Worcester,Massachusetts,01545
413bca8c-e7f3-42a0-ad78-d739845a37cd,1995-06-16,,999-48-6300,S99999283,X86453141X,Ms.,Roseanne877,Bahringer146,,,,white,irish,F,Tewksbury,272 Wilderman Ranch Suite 41,Bolton,Massachusetts,01740
a450969e-c1b7-4d1a-ae6d-e91c2746a67e,2000-06-23,,999-95-2515,S99933695,,Ms.,Taylor21,Borer986,,,,hispanic,puerto_rican,F,North Attleborough,1027 Jaskolski Grove,Lawrence,Massachusetts,01840
