id,birthdate,deathdate,ssn,drivers,passport,prefix,first,last,suffix,maiden,marital,race,ethnicity,gender,birthplace,address,city,state,county,zip,lat,lon,healthcare_expenses,healthcare_coverage
43c4b27b-ab06-4fdc-941e-c88967f5ba4c,1990-02-27,,999-21-2450,S99952304,X1848513X,Ms.,Effie9,Turner526,,Friesen796,,white,american_indian,M,Carolina  Puerto Rico  PR,756 Weimann Fork,Boston,Massachusetts,Hampden County,,42.7287464031219,-71.1065620898305,1540831.22,6599.87
0bf6eca0-43c2-4cbd-988c-854c20f45661,1942-03-28,2017-08-13,999-67-8786,,,Mrs.,Alex454,Satterfield305,,,M,white,italian,M,Marlborough  Massachusetts  US,1075 Kohler Dale Apt 81,North Reading,Massachusetts,Norfolk County,,42.4009471292475,-71.0595915896929,700688.66,4766.08
34d20fe1-0c7e-41e2-ac34-bfa2e712fedb,1942-03-28,,999-88-3139,S99983250,X79945789X,,Jarod376,Purdy2,,,,white,english,F,Funchal  Madeira  PT,718 Kilback Forge,Boston,Massachusetts,Norfolk County,2108,42.4408315320205,-71.1587067202681,407549.63,2991.4
73211eb3-8b1c-47d4-a71a-382501a24bc3,1959-11-23,,999-72-3688,S99993831,X10478579X,Mr.,Jone716,Quitzon246,,,S,asian,italian,F,Cambridge  Massachusetts  US,485 Kessler Manor,Duxbury,Massachusetts,Norfolk County,2563,42.3897990960663,-71.893716340825,231607.26,3152.2
63b7ef68-094b-417b-b931-109cc651234d,1957-01-24,,999-11-8392,S99991621,,Mr.,Cesar434,Cremin516,,Jacobson885,M,asian,polish,F,Salem  Massachusetts  US,369 Kertzmann Tunnel,Somerville,Massachusetts,Worcester County,,42.582458335524,-73.1961633921343,132913.22,6363.6
70668ebb-2e0b-46e5-8877-437e922ee4ee,2013-06-18,,999-18-1334,S99951707,,Ms.,Leland44,Dibbert990,,Kilback373,,hispanic,american,M,Westfield  Massachusetts  US,129 Terry Tunnel,Mattapoisett,Massachusetts,Middlesex County,1201,41.6620067616993,-71.1667301741757,322585.48,4707.08
ceb03421-56ed-49a6-8f99-34186d586ea9,1998-01-28,,999-26-8704,S99969083,X47977165X,Mrs.,Jorge203,Oquendo599,,,S,asian,italian,F,Cambridge  Massachusetts  US,321 Thiel Throughway,Wareham,Massachusetts,Suffolk County,2184,42.3343315519557,-72.5340784913615,1510722.35,18618.24
89e8194a-e102-4e0a-854d-f406987d4977,1963-05-09,,999-90-5356,S99986582,X26204326X,Mrs.,Eugenio846,Bednar518,,,,white,russian,F,Puebla  Puebla  MX,369 Swift Camp,Tyngsborough,Massachusetts,Berkshire County,1545,41.6620067616993,-71.0569552564503,878487.66,10351.52
a5f954e4-e190-4141-bb34-f943965971a4,1979-05-03,,999-44-5666,S99936726,,Mrs.,Bernie827,Eichmann909,,Roob72,M,white,irish,M,Salem  Massachusetts  US,886 Turner Throughway Apt 21,Somerville,Massachusetts,Norfolk County,,42.3323482358456,-71.1199842315784,1072789.44,2399.84
bb6c28c8-36c5-49ff-9d43-215009347eaa,1970-06-09,,999-81-3285,S99912507,,Mr.,Jesse626,Hilpert278,,,S,white,chinese,F,Somerville  Massachusetts  US,143 Little Manor Unit 7,Braintree,Massachusetts,Plymouth County,2492,42.0812808887902,-70.980303670264,912915.67,2629
d14f9e24-d96a-4a2f-9ee2-fee0f9695083,1954-08-30,,999-81-7405,S99920238,X35939223X,,Marta91,Narváez57,,Wolff180,M,white,french_canadian,M,Fitchburg  Massachusetts  US,673 Eichmann Quay,Methuen,Massachusetts,Middlesex County,,42.5326232265272,-72.5462943736795,1801239.23,14045.14
8f38375e-340a-4d5c-af77-1bc060449ba9,1986-04-22,,999-72-7468,S99912507,X36904845X,Ms.,Alex454,Hane680,,Nicolas769,M,white,mexican,M,Freetown  Massachusetts  US,996 Becker Skyway Suite 46,Amherst,Massachusetts,Essex County,1701,42.2675268898108,-71.1182150449984,1299214.73,2690.68
23f20812-113b-4b24-bc70-a8ed98c324a2,1988-01-05,,999-49-9635,S99975232,X70427718X,Ms.,Argelia29,Nolan344,,,,white,french_canadian,M,Chelmsford  Massachusetts  US,868 Wyman Underpass Apt 48,Randolph,Massachusetts,Plymouth County,1267,42.3274829795113,-72.7803074588182,1268914.83,3022.24
c1726edc-5c7d-484b-88a1-a83edcc1f646,1950-12-25,,999-78-1901,S99971861,X49837252X,Mrs.,Jenette717,Reilly981,,,,white,american,M,Rockland  Massachusetts  US,228 Cruickshank Lodge,Dartmouth,Massachusetts,Berkshire County,,42.3374768261543,-71.1102908082258,371373.7,14066.26
23b0995d-23b0-44e8-8240-c3380d58f600,1973-01-12,1977-07-23,999-10-8040,S99984314,X74138432X,Mrs.,Raphael767,Torphy630,,,S,white,italian,F,New Bedford  Massachusetts  US,596 Klocko Grove,Reading,Massachusetts,Hampden County,1950,42.2101723690816,-71.2174952106082,1559091.43,10289.01
239ea3a4-c348-45ac-a012-260d01869842,1940-04-22,,999-38-1588,S99996719,X28916974X,,Julene165,Goldner995,,,S,hispanic,russian,M,Salem  Massachusetts  US,412 Mayer Street,Yarmouth,Massachusetts,Middlesex County,1880,42.4963944641923,-71.1980379533158,833896.45,42227.2
881209b9-e292-4f36-a109-746345cc6330,2009-01-02,,999-43-1711,S99971304,X62411947X,Mrs.,Beula159,Altenwerth646,,,M,white,irish,M,Medford  Massachusetts  US,348 Ortiz Brook Apt 89,Raynham,Massachusetts,Worcester County,2108,42.172083168765,-70.9787143976766,70275,10734.76
e0bdab60-e903-4c3c-a1e3-3db368dfba28,1980-11-19,,999-78-7564,S99942160,X45678209X,Mrs.,Everett935,Grijalva82,,,M,white,german,F,Winthrop  Massachusetts  US,172 Daniel Gate Suite 64,Danvers,Massachusetts,Worcester County,2472,42.2745069843337,-71.0431715665519,190455.64,4574.56
daa94066-1bba-4b9f-9bef-00fe5249b8ec,2000-04-10,,999-55-1191,S99927891,X86305489X,,Ivelisse712,Brekke496,,,S,white,english,F,Tewksbury  Massachusetts  US,1098 Bosco Neck,Lawrence,Massachusetts,Plymouth County,2532,42.4698667089683,-71.2115669263597,1268643.7,3089.76
a015a97f-e9dd-4aca-8f61-38c42598104b,1962-12-29,1975-09-18,999-50-4156,S99996297,X87446725X,Mrs.,Eva64,Lubowitz58,,,M,white,scottish,F,Framingham  Massachusetts  US,422 Collins Grove,Fairhaven,Massachusetts,Bristol County,1945,42.3524742021553,-71.2729042143071,1261309.3,10172.79
f5054f0e-9c1d-4401-b9ec-cae4aaaebf13,1960-07-17,,999-73-9758,S99951294,X60618153X,Ms.,Óscar156,Eichmann909,,,S,white,swedish,M,Hong Kong  Hong Kong Special Administrative Region  CN,631 Nader Club,Boston,Massachusetts,Bristol County,,42.6920729065419,-71.1339659530596,1025020.78,2718.16
134565a3-c133-4947-b5e5-87f79b38081e,1982-05-20,,999-93-6199,S99971575,X35646754X,,Jona712,Schinner682,,,M,white,irish,M,Santiago de los Caballeros  Santiago  DO,185 O'Kon Route Apt 78,Bourne,Massachusetts,Essex County,1952,42.3165757575521,-71.1065602375779,1801239.23,3765.04
4a6d6cc7-5f18-4001-9115-3639b437fdf3,1986-11-15,,999-79-2431,S99956127,X72048083X,Mr.,María Cristina383,Koch169,,,,asian,asian_indian,F,Ayer  Massachusetts  US,435 Gibson Trail,Marion,Massachusetts,Essex County,1013,41.9300049359216,-70.9935825205614,13634.53,10351.52
90b89201-4d41-4672-81a7-4d2f20c78e2c,1979-06-27,,999-84-8940,,,Mr.,Precious140,Ankunding277,,,,white,scottish,M,Rochester  Massachusetts  US,345 Botsford Dale,Danvers,Massachusetts,Middlesex County,2554,42.0085599092782,-71.1456854951545,1066517.3,8989
ccc8c276-a6fc-4f11-be62-d18acea16af4,1987-02-25,,999-28-9982,S99969746,X16285885X,,Clara183,Rascón630,,,,white,chinese,M,Sharon  Massachusetts  US,982 Kuvalis Gateway Unit 94,Somerville,Massachusetts,Hampshire County,2474,42.5398436840318,-70.4966195827828,1621635.96,4348.84
c3e50c41-93ae-4b04-8d99-d6f9e986f0df,2000-10-25,,999-37-6272,S99990436,X24007450X,,Giuseppe872,Conn188,,,M,white,portuguese,F,Bridgewater  Massachusetts  US,464 Weimann Station,Boston,Massachusetts,Hampden County,2108,42.6782226167589,-70.8940720991927,9255.56,3097.32
3452b6e1-6809-427c-a025-6e92eda7f55d,1974-05-21,,999-81-5156,S99957409,X3851866X,Mrs.,Micah422,Howe413,,Orn563,,white,german,F,Dartmouth  Massachusetts  US,440 Torphy Loaf Apt 83,West Springfield,Massachusetts,Barnstable County,2148,42.5577103716731,-71.3872220853663,1253051.09,24715.29
5733ec56-67c5-42d9-9412-46fab8c9e87a,1940-01-18,,999-37-8406,S99975162,,Mr.,Devin82,Paucek755,,,S,white,irish,M,Hingham  Massachusetts  US,662 Kemmer Estate,Wilmington,Massachusetts,Hampshire County,1420,42.3068654775774,-71.0369692869867,620742.43,3842.12
74855462-b0c3-44d9-a4a9-56ca45a7c6f7,1979-05-25,,999-11-8392,S99998939,X46458941X,,Carey440,O'Reilly797,,,S,white,west_indian,M,Cambridge  Massachusetts  US,554 Waelchi Mall,Spencer,Massachusetts,Hampden County,,42.3003434783486,-72.5866755667371,1446422.46,30907.7
8f636b95-443f-4d6d-9f86-b5c62ff89418,1993-01-09,,999-97-5767,S99994674,X89997140X,Mrs.,Stephan15,Green467,,Hauck852,,white,asian_indian,F,Rochester  Massachusetts  US,1062 Gorczany Mission Suite 87,Marshfield,Massachusetts,Bristol County,,42.0566685871726,-70.8017683897337,500799.56,13902.92
2f56a6c2-ee70-4af4-8bf9-d18d84904abe,1953-12-21,,999-95-6425,S99970698,X72934932X,Mrs.,Consuela482,Gerlach374,,,S,white,portuguese,M,Randolph  Massachusetts  US,768 Osinski Rapid,Andover,Massachusetts,Barnstable County,2457,42.1864011756042,-72.7751402242769,519834.72,8990
1b18567d-a4fd-46bb-ad38-e02bc1e64ce0,1944-08-11,,999-61-5535,S99947761,X25643888X,Mr.,Vernon254,Benítez559,,,S,white,mexican,M,Sharon  Massachusetts  US,838 Parker Lock Suite 4,Wrentham,Massachusetts,Barnstable County,2457,42.0644163424138,-71.7763094132924,849568.95,11124.15
be66cfd6-e8d2-4fd3-a5a1-a8fc7e183084,1955-02-05,,999-43-7451,S99971400,,Mrs.,Denita497,Howe413,,,M,white,portuguese,M,Buenos Aires  Ciudad de Buenos Aires  AR,777 Kovacek Skyway Suite 59,Hanson,Massachusetts,Worcester County,2108,41.8363740510562,-72.5913009602525,1363922.81,4033.04
35e34fc3-5c77-4caa-8f17-dc827a054f25,1955-01-07,,999-87-2924,S99996719,,Mr.,Dewey930,Aufderhar910,,Rutherford999,M,white,italian,F,Taunton  Massachusetts  US,708 Schmidt Annex Unit 67,Easthampton,Massachusetts,Worcester County,1510,42.3894990392041,-71.1767394367337,494218.42,15250.69
ae275b2c-2e5a-4b45-afe6-ec146a5ccb00,1937-02-04,,999-27-4656,S99940065,X2703813X,Mrs.,Jonathon205,Mills423,,Bartell116,M,white,dominican,M,Waltham  Massachusetts  US,515 Lubowitz Viaduct Apt 73,Worcester,Massachusetts,Middlesex County,2540,42.8179385246931,-71.5668800016459,856636.38,3735.1
c10d62fa-23f4-4fbd-8ba7-99c21b606f89,1939-10-05,,999-13-6030,S99987677,X36097095X,,Gaylord332,MacGyver246,,,S,white,russian,M,Caracas  Capital District  VE,444 Haley Skyway,Billerica,Massachusetts,Norfolk County,,42.5801583082549,-70.8445979345656,899201.2,32521.43
4464bd28-3e19-4643-8498-07f5c27ca07a,1938-03-15,,999-33-2932,,X65328576X,Mrs.,Hoyt490,Bednar518,,,S,asian,french,F,Wesley  Saint Andrew Parish  DM,433 Hettinger Approach,Boston,Massachusetts,Suffolk County,2631,41.6408038591121,-71.7260477643077,1540831.22,11606.01
89beccbf-960b-484e-84a1-db0faeb113b2,1999-01-31,,999-11-5645,S99933848,X83684911X,,Bryon392,Goldner995,,,,white,irish,M,Methuen  Massachusetts  US,988 Hoppe Promenade,Falmouth,Massachusetts,Middlesex County,1085,41.7039858377755,-71.1264309622349,1349715.44,3274.8
e0412161-a1a5-4350-b79a-78a6ad5125a2,2016-04-11,,999-99-6559,S99936700,X35505758X,Mr.,Verona337,Cummings51,,,M,white,chinese,M,Weymouth  Massachusetts  US,901 Reichel Dale,Lynn,Massachusetts,Hampden County,,42.4904780319278,-71.4161869699388,1423568.75,12408.85
d230fd65-d5cd-4965-8c0f-7aa052341d2c,1987-11-04,,999-89-3845,S99989471,X49660978X,,Christy428,Bogan287,,,M,white,portuguese,M,Somerville  Massachusetts  US,515 Krajcik Approach,Medfield,Massachusetts,Essex County,,42.2625817485803,-71.0403471458163,762593.84,14572.44
c8ae3281-9ccf-4434-bf85-703e43a8b330,1918-08-03,,999-65-4387,S99910438,X46103152X,,Shaunna800,Casper496,,,M,white,scottish,F,Newton  Massachusetts  US,435 Gibson Trail,Springfield,Massachusetts,Hampden County,1915,42.2826958965932,-70.9138285470083,1589445.88,7320.96
47bdc12f-e4f4-4bb3-9fa0-411bab323c7c,2006-03-15,,999-51-8275,S99963756,X38506035X,Mr.,Wen848,Grimes165,,Windler79,M,asian,portuguese,M,Belchertown  Massachusetts  US,132 Cummerata Estate,Fall River,Massachusetts,Middlesex County,,42.4395647944478,-71.0852402313531,16148.97,2797.24
35e34fc3-5c77-4caa-8f17-dc827a054f25,1998-02-01,,999-13-9452,,X16791836X,Mr.,Evelyne208,Corkery305,,,,hispanic,english,F,Lowell  Massachusetts  US,280 Gaylord Corner,Northampton,Massachusetts,Plymouth County,2108,42.521751855322,-72.2986297260841,1250809.44,3544.64
607198ae-b6cf-44be-874d-802fda40ee82,2012-08-06,,999-42-7966,S99951540,X62411619X,Mrs.,Yael855,Pfeffer420,,,M,white,west_indian,F,Dennis  Massachusetts  US,878 Mraz Bypass,Methuen,Massachusetts,Worcester County,1923,41.5883265955587,-71.0542181049243,43894.76,14397.73
9716aed4-9815-4c23-83c5-ab998aac484f,2004-05-21,,999-49-4887,S99913557,X48500183X,Mrs.,Yvone889,Ullrich385,,,S,white,italian,M,Fall River  Massachusetts  US,228 Cruickshank Lodge,Franklin,Massachusetts,Franklin County,2108,42.2916275569593,-72.5429417354211,1325090.21,6113.6
24be5a2b-1ca0-406b-9497-4866a5e29508,1959-09-16,,999-70-9104,,X50138134X,Mr.,Dudley365,Goldner995,,,S,white,irish,M,Springfield  Massachusetts  US,270 Hoppe Knoll,Bedford,Massachusetts,Barnstable County,2720,42.673256164497,-71.4408711974525,589644.25,8451.38
b1749fd8-2ed3-4abf-a81f-d8cbd3553431,1990-12-17,,999-37-2157,,X73509372X,Mr.,Guadalupe206,Jerde200,,,,white,german,M,Boston  Massachusetts  US,817 Fadel Rapid,Mashpee,Massachusetts,Middlesex County,2360,42.3775253675211,-71.1102908082258,1184170.69,4437.96
b006ee7d-8a7b-4dbb-8317-c6dc0825c5b5,1936-02-07,,999-40-5038,S99976108,X13839922X,Mr.,Garrett899,Mayer370,,,,black,italian,M,Billerica  Massachusetts  US,612 Champlin Viaduct Suite 61,Framingham,Massachusetts,Bristol County,2563,41.728480552615,-72.3115347920916,1218379.26,9819.88
7975e39f-5728-4770-aec1-06502f89c2f9,1958-04-14,,999-92-3047,S99938628,X74583865X,,Ivory697,Grant908,,,,white,irish,M,Lima  Lima Province  PE,808 Skiles Parade Suite 85,Concord,Massachusetts,Suffolk County,2149,41.5585247105439,-70.6042299777068,1299214.73,14504.68
2e3ca938-e5b8-4e2e-9d8f-c2196a12a404,2009-03-13,,999-41-2310,S99962410,X61290259X,Ms.,Elizabet136,Mraz590,,,M,asian,mexican,M,Arlington  Massachusetts  US,666 Morissette Heights Unit 6,Pittsfield,Massachusetts,Norfolk County,,42.5470766288464,-71.0214914528538,1477077.24,6728.53
27e8415b-428f-4ff3-8502-ba71cec8de2d,1994-02-17,,999-85-5441,S99940946,X65435867X,Mr.,Marcelene872,Nienow652,,,M,hispanic,french,F,Westford  Massachusetts  US,327 Kirlin Rue,Cambridge,Massachusetts,Bristol County,,42.3339889975606,-71.1043829617347,438577.84,64488.08
fbdcd223-1f87-414e-b08c-fff036169f46,2014-02-20,,999-81-8418,,X36097095X,,Sam879,Vandervort697,,,,hispanic,south_american,F,Marigot  Saint Andrew Parish  DM,202 Hudson Tunnel Apt 4,Brookline,Massachusetts,Norfolk County,2151,41.767209402396,-70.5021599188476,322585.48,9894.88
107669a7-0914-427e-8e76-20826fed18f9,1974-07-03,,999-18-8826,S99964453,X47470888X,,Mui729,Urbina137,,Treutel973,M,white,west_indian,M,Lawrence  Massachusetts  US,188 Hintz Trailer Unit 68,West Bridgewater,Massachusetts,Norfolk County,2108,42.3935571745825,-71.2689504763308,378633.28,3827.17
8e16963c-bc8a-4998-ba82-b96d2ca29a8d,2004-02-19,,999-71-6448,S99976512,X3975637X,Mr.,Kathlyn335,Ward668,,Kilback373,,white,irish,M,Westwood  Massachusetts  US,645 O'Keefe Lodge,Billerica,Massachusetts,Norfolk County,,41.9787463601791,-70.6686864571685,205120.98,7935.8
e56e24bc-f2eb-4a99-a4f8-4cd4e554fda0,2006-08-10,,999-72-5788,S99925720,X18851515X,Mrs.,Juan Carlos348,Carter549,,Rempel203,,black,french,F,Foxborough  Massachusetts  US,720 Hilll Light Apt 79,Medfield,Massachusetts,Essex County,,42.1954251798611,-71.2537151507866,108278.95,2343.2
d0dcf3f5-498d-467f-b678-7ede3e2f957d,1970-08-01,2010-09-16,999-23-4602,S99928562,X30059894X,Mr.,José Eduardo181,Koepp521,,,,white,irish,M,Salem  Massachusetts  US,102 Hartmann Mill Unit 50,Webster,Massachusetts,Suffolk County,,42.1931046600358,-71.680120878164,206890.01,9000.8
f1debb50-9147-4661-967c-864b6839d3e6,1946-09-11,,999-87-3253,,X44415494X,Mr.,Ulysses632,Pineda243,,,S,black,english,M,Northborough  Massachusetts  US,159 Hammes Gardens Suite 75,Marlborough,Massachusetts,Worcester County,,42.4069896332144,-72.592963902731,145564.58,2609.8
95c4f28a-aabf-4c84-8039-1a04642bf21b,1994-02-06,,999-50-7970,S99940946,X18851515X,Mrs.,Denae137,Kris249,,,,white,american,F,Dracut  Massachusetts  US,705 Altenwerth Parade Apt 70,Seekonk,Massachusetts,Worcester County,,41.2694196792935,-71.893716340825,1162213.61,15400.08
ed16fae1-b00f-4ffd-a280-939462229d71,1916-05-26,,999-50-7970,,,Mr.,Nancee600,Gutmann970,,,M,white,portuguese,M,Milan  Lombardy  IT,388 Schmitt Center Apt 79,Southbridge,Massachusetts,Norfolk County,,42.3463321365031,-71.2156161099009,1456098.68,5307.76
e118d809-90bd-40a6-be16-7bba703b43e4,1994-10-30,,999-99-6485,,X41986281X,Mr.,Gabriel934,Abshire638,,,,black,german,M,Randolph  Massachusetts  US,234 Haag Fork Apt 92,Waltham,Massachusetts,Bristol County,2472,42.0215779790487,-72.7676151038297,881243.94,3084.72
107669a7-0914-427e-8e76-20826fed18f9,1990-04-11,,999-16-8046,S99926739,,Mr.,Bennie663,Rubio813,,,M,white,dominican,M,Greenfield  Massachusetts  US,1087 Kuhn Dam Suite 72,Boston,Massachusetts,Hampden County,2050,42.6040618570446,-71.1053396947418,236455.55,28769.41
9716aed4-9815-4c23-83c5-ab998aac484f,1955-06-08,1958-01-03,999-13-3311,,X5897881X,,Margarito178,Effertz744,,,M,white,polish,M,Boston  Massachusetts  US,926 Goodwin Lodge,Westport,Massachusetts,Berkshire County,2108,42.3775253675211,-71.0333285555898,1660873.71,3084.72
0840e87c-99fb-4873-a251-f9676e6c637a,1956-06-19,,999-80-9624,S99926131,X47578142X,,Giselle809,Ankunding277,,,M,white,irish,F,Boston  Massachusetts  US,1028 Schinner Promenade Apt 46,Fall River,Massachusetts,Hampshire County,2458,41.6759820016158,-70.9848860747823,1723629.81,4851.2
b2b88390-b3c0-4593-8e61-6d758ffa8fff,2015-09-02,,999-99-8241,S99944002,,,Marcela739,Stracke611,,,M,white,polish,F,Somerville  Massachusetts  US,718 Borer Meadow Unit 24,Natick,Massachusetts,Worcester County,,42.2519474255061,-72.592963902731,401511.62,7584.79
195cb94a-3e6a-4ea7-8ecb-0b95cadc59c4,1965-07-20,,999-41-6009,S99995226,X25823642X,Mr.,Antonette454,Ebert178,,Windler79,S,white,german,M,Yarmouth  Massachusetts  US,554 Waelchi Mall,Quincy,Massachusetts,Norfolk County,2176,41.6080460181573,-71.0802536421473,632659.18,219020.25
c3342cef-e2b4-457b-acb9-ea6a9b13a9aa,1961-01-26,1997-12-05,999-61-5535,S99933848,X38503184X,,Lilia791,Hoppe518,,Wiegand701,M,white,italian,M,Port-au-Prince  Haiti  HT,816 Wunsch Bypass,Bellingham,Massachusetts,Middlesex County,2186,42.5568285592183,-71.3085838492974,1429791.9,11606.01
bec6abb8-8a25-4ae5-bafd-828d18a85456,2009-05-13,,999-29-3790,S99948887,X32764981X,,Bert917,Haag279,,,S,white,french,M,Sharon  Massachusetts  US,767 Graham Parade Apt 27,Mattapoisett,Massachusetts,Norfolk County,,42.4197071829429,-70.9379546282155,993012.94,17224.92
59d55aaf-49e0-4c0a-8ec7-a26ba95d2e15,1990-02-23,,999-75-4575,S99992346,X23792815X,Mr.,Shila857,Lockman863,,,M,white,chinese,M,Buenos Aires  Ciudad de Buenos Aires  AR,249 Mante Tunnel Suite 86,Nantucket,Massachusetts,Worcester County,,42.4199468270542,-71.044195173864,1778029.16,24711.22
5fc12364-8aa3-4da7-8358-446a84eedfc4,1928-08-10,,999-23-7487,S99958811,X3297617X,Mrs.,Carolina179,Green467,,Crist667,S,white,mexican,M,Cambridge  Massachusetts  US,936 Reynolds Plaza Unit 86,Cambridge,Massachusetts,Essex County,,42.531526365344,-71.0309557361453,264455.74,12150.72
5c10b84f-5f0b-4580-912e-44669391c66c,1980-12-18,,999-56-8349,S99942152,X43501344X,Ms.,Reginald96,Greenfelder433,,,M,white,italian,F,Weymouth  Massachusetts  US,709 Ward Wall Apt 78,Stoughton,Massachusetts,Middlesex County,,42.5988085939152,-71.0588507709852,1267022.71,3346.4
a9b31925-e857-4862-8f41-ca60453c5cf5,1955-04-09,,999-48-8387,S99945791,X51247409X,Mr.,Scott935,Lemke654,,,M,white,mexican,F,Ludlow  Massachusetts  US,816 Waelchi Flat,Tewksbury,Massachusetts,Bristol County,2341,42.1349042996404,-71.1433650277067,1019891.14,1474.92
c79f06b6-6d2b-4f02-b244-5d18643855aa,1942-02-28,,999-44-1302,,X62985311X,Mrs.,Jim478,Mesa630,,Welch179,M,white,german,M,Weston  Massachusetts  US,1063 Fisher Trail Unit 40,Medford,Massachusetts,Middlesex County,1830,42.7690313787928,-71.020591221778,219790.14,17214.71
2fd04893-68f9-4c82-9138-09ea4d8b3b63,1951-02-18,,999-92-7895,S99978628,,Mr.,Wilber603,Morissette863,,Kshlerin58,S,white,swedish,M,Middleborough  Massachusetts  US,675 Gibson Dam,Abington,Massachusetts,Suffolk County,2474,41.5647352673816,-72.5429417354211,1482184.52,3136.48
99b78544-a2d3-4eb4-b975-86869f9bf7ed,1967-02-28,,999-27-4754,,X56013530X,Ms.,Deedra511,Langosh790,,,S,white,german,F,Pepperell  Massachusetts  US,956 Becker Light,Belchertown,Massachusetts,Hampden County,,42.012594231735,-70.878261862083,880926.05,2399.84
3f055bf0-5672-4c2d-a34b-3b76fc8b4aec,1949-11-08,,999-87-3847,S99961094,X46378742X,Ms.,Omer483,Walsh511,,,M,white,italian,F,Wayland  Massachusetts  US,209 Fadel Junction,Stoughton,Massachusetts,Suffolk County,,42.0920949913869,-71.4571202831554,526314.9,3926.57
8607b741-509b-4cf0-b793-cec959ad7684,2007-02-07,,999-62-3847,,X74342610X,Mrs.,Miss492,Schimmel440,,,M,white,puerto_rican,M,Weymouth  Massachusetts  US,183 Stracke View,Winthrop,Massachusetts,Worcester County,2451,42.582458335524,-73.2650836398738,1668209.44,4235.4
e251141a-6b8b-454b-8fcb-d964a00fac27,1976-03-22,,999-88-4926,S99953835,X79079113X,Mr.,Cristen212,McKenzie376,,,M,white,italian,F,Belchertown  Massachusetts  US,1063 Vandervort Station Apt 17,Holyoke,Massachusetts,Barnstable County,2026,42.0590632542088,-71.1262976342515,651224.84,9094.04
107669a7-0914-427e-8e76-20826fed18f9,1954-11-04,,999-95-9684,S99950773,X486699X,Mr.,Rudolf736,Rath779,,,,white,irish,F,Faro  Algarve  PT,869 Murazik View Unit 31,Quincy,Massachusetts,Hampden County,,41.8419906091469,-71.8568769795175,1465481.09,3088.92
f8ba0e72-40d5-499e-9ecc-2ac7aaa742fd,1974-08-13,,999-33-5281,S99941871,,Mr.,Modesto621,Benítez559,,,S,white,italian,M,Gardner  Massachusetts  US,364 Rogahn Knoll,Boxborough,Massachusetts,Middlesex County,1840,42.3706836403511,-71.063462640285,34252.4,44114.89
82cc4ae7-0bac-4a80-8992-e6da842fb70a,1993-07-22,,999-40-5038,,X22184785X,Mrs.,Antonio44,Lesch175,,,S,asian,african,F,Greenfield  Massachusetts  US,840 Schultz Station,Somerset,Massachusetts,Middlesex County,1840,42.5472380090362,-71.1238439254073,1598084.14,4364.56
4dc586d5-2f45-4cf8-97d6-540610333c4a,1973-06-01,,999-77-1931,S99949995,X36045928X,Ms.,Dori98,Weber641,,,,white,chinese,M,Mansfield  Massachusetts  US,936 Reynolds Plaza Unit 86,Westfield,Massachusetts,Hampden County,2368,42.1637623255133,-71.3001395593306,403394.77,3491.36
54f4786a-1e36-4924-b239-9c28e5a10fc7,2011-12-14,,999-66-8435,S99987427,X87523331X,Mr.,Bernie827,Torp761,,,S,white,irish,F,Port-au-Prince  Haiti  HT,674 Fadel Highlands Suite 95,Tewksbury,Massachusetts,Middlesex County,2138,42.0090745519368,-70.9902485277921,1091131.86,10443
de621cca-71e1-4720-9087-797ab538060a,1950-12-25,,999-39-9250,S99943178,X77729308X,Mr.,Maynard46,McCullough561,,Kilback373,M,hispanic,irish,F,Marlborough  Massachusetts  US,928 Homenick Well,Montague,Massachusetts,Norfolk County,1701,41.6103469676124,-71.09321513241,43894.76,15883.93
c86e6566-2ff4-451e-b9fa-24fe4cbb05cd,2000-06-08,,999-22-6612,S99915210,X68000789X,Mrs.,Raphael767,Nader710,,,M,white,russian,M,Wesley  Saint Andrew Parish  DM,728 Kozey Brook Suite 39,Lowell,Massachusetts,Essex County,1810,42.2328931003432,-71.2537151507866,512980.07,3266.32
770dd2b6-3302-4048-9438-00fcebd17dfa,1949-02-23,,999-67-1082,,X11158870X,Ms.,Wilford267,Beahan375,,,,white,italian,F,Methuen  Massachusetts  US,280 Gaylord Corner,Boston,Massachusetts,Suffolk County,,42.6999898003616,-71.3138856530785,114075.72,3200.6
6e3769b0-a506-4c02-8fe8-648d62e32207,1918-08-03,,999-84-8940,S99974620,X63236528X,Mrs.,Son314,Jast432,,,M,white,italian,M,Bayamon  Puerto Rico  PR,925 Armstrong Overpass Suite 66,Dennis,Massachusetts,Hampden County,1840,42.7243389811899,-70.4941595216609,113105.41,1429.92
f1e3807f-b634-4088-b0ef-dafa9397d8bc,2008-08-23,,999-52-8676,S99955911,X74116256X,Mrs.,Julene165,Pabón228,,,M,white,american,M,Boston  Massachusetts  US,629 Russel Byway Unit 60,Dracut,Massachusetts,Middlesex County,2108,42.4527438067647,-70.4488975714637,54871.05,4274.64
482bf9d8-b42a-4caa-8eea-b1c4642ccee7,1942-05-23,2018-09-13,999-63-5787,S99960134,X47470888X,Mr.,Hugo693,Quitzon246,,,M,white,english,F,Lowell  Massachusetts  US,460 Wiza Trailer Apt 83,Salem,Massachusetts,Middlesex County,2186,42.1647015408348,-71.5677854615198,1723629.81,16785.68
ff3e0c00-3192-435e-bd2f-e7fddca4629a,1997-05-02,,999-37-1578,S99917621,X18089815X,Mr.,Eugenio846,Weimann465,,,M,white,french,F,Northborough  Massachusetts  US,851 Ferry Walk Unit 43,Boston,Massachusetts,Worcester County,1850,42.127562730432,-71.3058586256784,1118101.78,4998.32
07400a9f-c1b6-4b15-adfc-dd6f7d1d9a4e,1955-01-07,,999-43-7099,S99989855,X74583865X,Mr.,Clora637,Villagómez416,,,M,white,french,F,Gloucester  Massachusetts  US,629 Russel Byway Unit 60,Taunton,Massachusetts,Suffolk County,1585,42.2013065317771,-70.8866048288717,1668209.44,2896.48
f52ea8ff-7315-4596-8114-13a5243fd487,1989-01-04,,999-60-3069,S99921222,X7341191X,Ms.,Oscar384,Lueilwitz711,,,M,white,russian,F,Boston  Massachusetts  US,960 Blanda Boulevard,Chelsea,Massachusetts,Middlesex County,1906,42.4034787609363,-72.3841411711248,247139.91,6558.86
73211eb3-8b1c-47d4-a71a-382501a24bc3,1981-09-24,,999-89-6361,S99926428,X53082021X,Mrs.,Tamra871,Heathcote539,,,S,black,irish,M,Framingham  Massachusetts  US,270 Hoppe Knoll,Plymouth,Massachusetts,Franklin County,1570,41.7764813136758,-71.1121765848961,1395759.65,1668.16
98255451-0a04-47da-86d9-1a4763bf066d,1954-06-30,,999-53-9115,S99932627,X1880812X,Mr.,Blanca837,Lindgren255,,,S,black,polish,F,Belchertown  Massachusetts  US,681 Davis Mall,Springfield,Massachusetts,Hampden County,2188,42.5405939335985,-71.8013330231509,489720.58,9880.64
2c836c80-4e84-4e1b-8255-076fbf094d16,2007-11-21,,999-15-7027,S99956983,X64175214X,Mrs.,Erik495,Mayer370,,,M,white,puerto_rican,M,Dracut  Massachusetts  US,319 Jacobson Mall,Boston,Massachusetts,Norfolk County,1201,42.4365387648765,-70.3055298402836,1087552.93,5901.65
54f4786a-1e36-4924-b239-9c28e5a10fc7,1951-09-24,,999-24-3160,S99995450,,,Alexander630,Wisozk929,,,M,white,mexican,F,Revere  Massachusetts  US,838 Kunze Bridge,Norwood,Massachusetts,Hampden County,2108,42.5687276601502,-71.57043778069,52300.89,1678.24
e1f8b258-175a-415a-919a-560a6ae38ba3,1967-05-27,,999-83-1037,S99945537,X75545043X,Ms.,Weldon459,Lemke654,,,M,black,french_canadian,F,Brookline  Massachusetts  US,304 Hudson Parade Unit 76,Boston,Massachusetts,Suffolk County,1562,42.3968262759565,-71.0687795758668,24039.69,20375.43
45f35d89-c77b-4b31-a44e-456412eeb7de,1984-06-22,,999-77-3776,S99995495,,Ms.,Marty115,Trujillo801,,,M,hispanic,american,F,Oxford  Massachusetts  US,1064 Lubowitz Flat Suite 32,Boston,Massachusetts,Norfolk County,1907,42.5251726673281,-71.3028348072049,1028426.79,25244.32
6bcbb32c-7b3d-4ad7-adec-abafd9557061,1986-12-17,,999-72-1252,,,Mrs.,Carylon722,Hane680,,,,white,portuguese,F,Caracas  Capital District  VE,487 Bednar Glen Unit 72,Townsend,Massachusetts,Worcester County,1550,42.0840775446629,-71.0399646985802,1657881.22,6751.8
f6af9be0-a5fe-405c-8bf5-e85bbab612aa,1986-12-22,,999-52-8676,S99912754,,Mrs.,Shanti441,Collier206,,,,white,irish,M,Juarez  Chihuahua  MX,1087 Kulas Byway,Boston,Massachusetts,Essex County,,42.4221990619281,-71.0141759339411,1350575.83,9671.24
cca707d3-da09-40ff-9f57-027471924759,1958-02-08,,999-35-6453,S99925502,X24369633X,Ms.,Buster609,Ankunding277,,,M,white,german,F,Boston  Massachusetts  US,999 McKenzie Rest,Newton,Massachusetts,Essex County,,42.4460183204394,-71.2642418408057,1754760.72,6736.8
